id,task_id,notes,date_created
0,153,convallis ligula. Donec luctus aliquet odio. Etiam,2021-11-03 15:42:46
1,224,"sit amet lorem semper auctor. Mauris vel turpis. Aliquam adipiscing lobortis risus. In mi pede, nonummy",2021-10-24 12:31:49
2,148,"egestas a, dui.",2022-02-12 19:01:45
3,203,"eu, placerat eget, venenatis a, magna. Lorem ipsum dolor sit amet,",2021-10-31 04:36:53
4,349,Aliquam nisl. Nulla eu neque pellentesque massa lobortis ultrices. Vivamus rhoncus. Donec,2021-11-04 21:55:46
5,495,Quisque ac libero,2022-02-09 18:36:08
6,392,"commodo tincidunt nibh. Phasellus nulla. Integer vulputate, risus a ultricies adipiscing, enim mi tempor lorem, eget",2022-01-03 03:54:55
7,119,"sociis natoque penatibus et magnis dis parturient montes, nascetur ridiculus mus.",2022-02-26 23:25:43
8,131,"cursus luctus, ipsum leo elementum sem, vitae aliquam eros",2021-12-04 16:16:38
9,445,Ut sagittis,2021-09-24 19:20:20
10,89,eu turpis. Nulla aliquet. Proin velit. Sed,2022-01-24 10:28:03
11,255,Nunc mauris. Morbi non sapien molestie orci tincidunt adipiscing. Mauris,2021-10-14 05:07:28
12,482,"rhoncus. Proin nisl sem, consequat nec, mollis vitae, posuere at, velit. Cras lorem lorem, luctus",2021-10-25 22:36:31
13,476,"aliquet vel, vulputate eu, odio. Phasellus at augue id",2021-12-02 10:17:36
14,235,est arcu ac orci. Ut semper pretium neque. Morbi quis urna. Nunc quis arcu vel quam dignissim pharetra. Nam,2021-10-04 22:59:27
15,203,"enim, gravida sit amet, dapibus id,",2021-11-20 14:11:04
16,477,vitae purus gravida,2022-02-20 15:23:12
17,257,consequat enim diam vel,2021-11-04 23:18:53
18,303,at arcu. Vestibulum ante,2021-12-15 16:27:02
19,260,"sit amet, faucibus ut, nulla. Cras eu tellus eu augue porttitor interdum. Sed auctor odio",2021-10-10 04:43:57
20,115,risus. Donec,2022-02-01 19:58:21
21,471,"sociis natoque penatibus et magnis dis parturient montes, nascetur ridiculus mus.",2022-02-04 14:59:28
22,145,vehicula. Pellentesque tincidunt tempus risus. Donec egestas. Duis ac arcu. Nunc mauris. Morbi non,2021-09-04 12:35:37
23,300,"diam at pretium aliquet, metus urna convallis erat, eget tincidunt dui augue eu",2021-10-08 21:24:35
24,470,in faucibus,2021-12-10 01:00:18
25,51,dictum augue malesuada malesuada. Integer id magna et ipsum cursus vestibulum. Mauris magna. Duis dignissim tempor arcu. Vestibulum ut,2021-09-11 17:22:35
26,148,"et nunc. Quisque ornare tortor at risus. Nunc ac sem ut dolor dapibus gravida. Aliquam tincidunt, nunc ac",2022-01-17 20:44:56
27,330,sapien molestie orci tincidunt,2022-02-09 08:04:42
28,392,sollicitudin orci sem eget massa. Suspendisse eleifend. Cras sed leo. Cras vehicula aliquet libero. Integer in magna. Phasellus dolor,2022-01-05 23:50:29
29,164,vel sapien imperdiet ornare. In faucibus. Morbi vehicula. Pellentesque tincidunt tempus risus. Donec,2021-12-16 00:24:21
30,36,metus. Aliquam erat volutpat.,2022-01-22 06:04:30
31,497,"lacus pede sagittis augue, eu tempor erat neque non quam. Pellentesque habitant morbi tristique senectus et netus et",2021-12-04 06:19:12
32,416,vestibulum massa rutrum magna. Cras convallis convallis dolor. Quisque tincidunt,2021-10-14 00:57:57
33,350,"ut aliquam iaculis, lacus",2021-11-05 08:57:58
34,487,"tellus faucibus leo, in lobortis tellus justo sit amet nulla. Donec non justo.",2022-01-21 00:12:43
35,220,"Suspendisse ac metus vitae velit egestas lacinia. Sed congue, elit sed consequat auctor,",2021-11-17 06:19:37
36,426,"felis orci, adipiscing non, luctus sit amet, faucibus ut, nulla. Cras eu tellus eu augue porttitor",2022-02-15 08:14:30
37,162,Quisque ornare tortor,2022-02-12 05:53:52
38,464,"nibh dolor, nonummy ac, feugiat non, lobortis quis, pede.",2022-02-16 15:31:00
39,389,Nam ac nulla. In tincidunt congue turpis. In condimentum. Donec at arcu. Vestibulum,2022-01-18 01:32:46
40,69,Integer tincidunt aliquam arcu. Aliquam ultrices iaculis odio. Nam interdum enim non nisi. Aenean eget metus. In,2021-11-14 10:04:26
41,351,"facilisis vitae, orci. Phasellus dapibus quam quis diam. Pellentesque habitant",2021-11-04 00:15:11
42,425,"natoque penatibus et magnis dis parturient montes, nascetur ridiculus mus. Donec",2021-09-10 11:09:37
43,240,"lorem lorem, luctus ut, pellentesque eget, dictum",2021-10-02 17:40:13
44,200,ut nisi a odio semper,2021-12-17 20:09:25
45,137,sit amet ornare lectus justo eu arcu. Morbi sit amet,2022-02-01 04:30:25
46,144,consectetuer adipiscing elit. Curabitur sed tortor. Integer aliquam adipiscing lacus. Ut nec urna,2022-02-01 01:45:00
47,250,sit amet massa. Quisque porttitor eros,2022-01-08 03:20:13
48,470,"risus a ultricies adipiscing, enim mi tempor lorem, eget mollis lectus",2021-09-08 16:40:15
49,344,"aliquet. Proin velit. Sed malesuada augue ut lacus. Nulla tincidunt, neque vitae semper egestas, urna justo",2022-01-25 16:06:34
50,182,"Quisque imperdiet, erat",2021-10-27 17:35:56
51,352,"ac, feugiat non, lobortis quis, pede. Suspendisse dui. Fusce diam nunc, ullamcorper eu, euismod ac, fermentum vel, mauris. Integer sem",2021-09-13 23:27:37
52,391,"lorem fringilla ornare placerat, orci lacus vestibulum lorem, sit amet ultricies sem",2022-01-11 02:00:48
53,270,"semper egestas,",2022-02-26 16:29:32
54,270,Aliquam adipiscing lobortis risus.,2021-10-05 03:43:04
55,257,"blandit enim consequat purus. Maecenas libero est, congue a, aliquet vel, vulputate eu, odio. Phasellus at augue id ante",2021-12-22 15:49:26
56,319,sollicitudin orci sem,2021-10-07 12:13:11
57,360,non lorem vitae,2021-10-10 12:31:07
58,138,ultricies dignissim,2021-11-06 11:58:40
59,458,fermentum,2021-11-05 04:48:51
60,304,"at pede. Cras vulputate velit eu sem. Pellentesque ut ipsum ac mi eleifend egestas. Sed pharetra, felis eget",2021-11-19 12:42:57
61,417,nibh sit amet orci. Ut sagittis lobortis mauris.,2021-10-03 07:30:10
62,468,"auctor vitae, aliquet nec, imperdiet nec,",2021-10-26 14:08:08
63,460,"amet, consectetuer adipiscing elit. Curabitur sed tortor.",2022-01-28 11:08:49
64,496,"nostra, per inceptos hymenaeos. Mauris ut quam vel sapien imperdiet ornare. In faucibus. Morbi vehicula. Pellentesque tincidunt",2022-01-29 03:47:01
65,490,"nibh. Aliquam ornare, libero at auctor ullamcorper, nisl arcu iaculis enim, sit amet",2021-12-03 05:27:46
66,444,Etiam gravida molestie arcu. Sed,2021-12-09 23:08:20
67,98,Proin,2021-12-16 19:51:27
68,6,Nulla tempor augue ac ipsum. Phasellus vitae mauris sit amet lorem semper auctor. Mauris vel turpis. Aliquam adipiscing,2022-01-25 12:04:50
69,479,inceptos hymenaeos. Mauris ut quam vel sapien imperdiet ornare. In faucibus. Morbi vehicula. Pellentesque tincidunt tempus risus. Donec egestas.,2021-11-15 22:59:44
70,234,Fusce fermentum fermentum arcu. Vestibulum ante ipsum primis in faucibus orci luctus,2022-02-01 23:37:43
71,207,Phasellus in felis. Nulla tempor augue ac,2022-02-15 15:03:28
72,162,"neque. In ornare sagittis felis. Donec tempor, est ac mattis semper, dui lectus rutrum urna, nec luctus felis",2022-02-16 18:07:16
73,424,"amet, consectetuer adipiscing elit. Etiam laoreet, libero et tristique pellentesque, tellus sem mollis dui, in",2021-11-06 17:56:08
74,184,quam vel sapien imperdiet ornare. In,2021-10-05 14:05:24
75,285,"eget laoreet posuere, enim nisl elementum purus,",2021-12-11 11:00:32
76,270,"nunc risus varius orci, in consequat enim diam vel arcu. Curabitur ut odio vel",2021-10-05 01:25:24
77,402,sapien molestie orci tincidunt adipiscing. Mauris,2022-01-23 21:02:46
78,474,quis arcu vel quam,2021-10-10 04:58:43
79,118,"imperdiet nec, leo. Morbi neque tellus, imperdiet non, vestibulum nec, euismod in, dolor. Fusce feugiat. Lorem ipsum dolor sit",2021-11-30 14:59:27
80,313,arcu. Morbi sit amet massa. Quisque porttitor eros nec tellus.,2021-11-19 07:25:52
81,317,Phasellus ornare. Fusce mollis. Duis sit amet diam eu dolor egestas rhoncus. Proin,2021-11-25 14:45:44
82,418,"velit. Cras lorem lorem, luctus ut, pellentesque eget, dictum placerat, augue. Sed molestie. Sed",2021-10-02 01:03:08
83,354,diam eu,2021-09-26 21:54:20
84,476,auctor velit. Aliquam nisl. Nulla eu neque pellentesque massa lobortis ultrices. Vivamus rhoncus.,2022-01-03 21:19:34
85,385,"at sem molestie sodales. Mauris blandit enim consequat purus. Maecenas libero est, congue a, aliquet vel, vulputate eu, odio.",2021-09-16 15:06:19
86,320,"vitae, posuere at, velit.",2021-10-23 16:02:00
87,404,"nisi. Cum sociis natoque penatibus et magnis dis parturient montes, nascetur ridiculus mus. Proin vel nisl. Quisque fringilla euismod enim.",2021-10-24 05:59:20
88,71,Sed eu,2022-02-19 15:40:34
89,37,Integer tincidunt aliquam arcu. Aliquam ultrices iaculis,2021-09-25 06:19:55
90,435,"nec ante. Maecenas mi felis, adipiscing fringilla, porttitor vulputate, posuere vulputate, lacus. Cras interdum.",2022-02-02 13:51:31
91,342,fermentum convallis ligula. Donec luctus aliquet odio.,2022-01-09 18:12:52
92,99,"viverra. Maecenas iaculis aliquet diam. Sed diam lorem, auctor quis,",2021-09-10 20:13:27
93,176,eu elit. Nulla facilisi. Sed neque. Sed eget lacus. Mauris non dui nec urna,2021-11-02 22:49:56
94,423,"ac, feugiat non, lobortis",2021-09-22 15:19:39
95,431,"viverra. Maecenas iaculis aliquet diam. Sed diam lorem, auctor quis, tristique ac,",2021-09-21 22:06:47
96,178,"odio, auctor vitae, aliquet nec, imperdiet nec, leo. Morbi neque tellus, imperdiet",2022-02-20 22:29:52
97,478,"at, nisi. Cum sociis",2022-01-23 15:41:21
98,68,"risus a ultricies adipiscing, enim mi tempor lorem, eget mollis lectus pede et risus. Quisque",2021-09-16 22:21:59
99,43,"massa lobortis ultrices. Vivamus rhoncus. Donec est. Nunc ullamcorper, velit in aliquet lobortis, nisi nibh lacinia",2021-11-19 08:18:08
100,196,metus. In nec orci. Donec nibh. Quisque nonummy ipsum non,2021-09-27 17:24:21
101,9,"non, lacinia at, iaculis quis, pede. Praesent eu dui. Cum sociis natoque penatibus et magnis dis parturient montes, nascetur",2022-01-27 18:30:59
102,23,"luctus ut, pellentesque eget, dictum placerat, augue. Sed molestie. Sed id risus quis diam luctus lobortis. Class aptent",2021-11-06 05:25:39
103,496,"sapien, cursus in, hendrerit consectetuer, cursus et, magna. Praesent interdum ligula eu",2021-11-30 04:30:15
104,368,"mauris ut mi. Duis risus odio, auctor vitae,",2021-10-08 04:47:06
105,119,Proin vel arcu eu odio tristique,2021-10-19 18:34:20
106,235,Donec feugiat metus sit amet ante. Vivamus non lorem vitae odio sagittis semper. Nam tempor diam dictum sapien.,2022-01-28 09:54:51
107,67,"orci, in consequat enim diam vel arcu.",2021-11-20 08:10:06
108,332,nec urna suscipit nonummy.,2022-01-10 08:51:29
109,6,sem. Nulla interdum. Curabitur dictum. Phasellus in felis. Nulla tempor augue ac ipsum. Phasellus,2022-02-22 16:31:39
110,173,interdum. Curabitur dictum. Phasellus in felis. Nulla,2022-01-16 04:37:39
111,26,accumsan neque et nunc. Quisque ornare tortor at risus. Nunc ac sem ut dolor dapibus,2021-11-15 12:12:32
112,485,nec orci. Donec nibh. Quisque nonummy ipsum non arcu. Vivamus sit amet risus.,2021-09-15 03:20:57
113,111,"gravida. Praesent eu nulla at sem molestie sodales. Mauris blandit enim consequat purus. Maecenas libero est, congue a,",2022-02-22 01:55:51
114,434,"Fusce aliquam,",2022-02-10 18:05:28
115,127,"Quisque porttitor eros nec tellus. Nunc lectus pede, ultrices a, auctor non, feugiat nec, diam. Duis mi enim,",2021-12-26 23:21:49
116,45,Quisque varius. Nam porttitor,2022-01-27 16:58:54
117,11,at lacus. Quisque,2021-11-03 04:17:34
118,373,"tincidunt, neque vitae semper egestas, urna justo faucibus lectus,",2021-10-09 08:29:19
119,242,"metus. In lorem. Donec elementum, lorem ut aliquam iaculis, lacus pede sagittis augue, eu tempor erat neque non",2022-01-10 16:34:43
120,347,Proin vel arcu eu odio tristique pharetra.,2022-02-02 20:13:25
121,342,"lectus, a sollicitudin orci sem eget massa. Suspendisse eleifend. Cras sed leo. Cras vehicula",2022-02-03 04:03:32
122,203,Curabitur sed,2022-02-23 20:59:13
123,476,Mauris,2021-09-30 15:25:07
124,69,orci. Ut semper pretium neque. Morbi quis urna. Nunc quis arcu vel quam dignissim pharetra. Nam ac nulla.,2021-09-14 06:51:17
125,359,ante ipsum primis in faucibus,2022-02-14 14:57:42
126,205,"sodales at, velit. Pellentesque ultricies dignissim lacus. Aliquam rutrum lorem ac risus.",2022-02-01 14:53:56
127,135,ac arcu. Nunc mauris. Morbi non,2022-02-01 00:16:11
128,417,"nibh dolor, nonummy ac, feugiat non, lobortis quis, pede. Suspendisse dui. Fusce diam nunc, ullamcorper eu, euismod",2022-01-11 01:01:10
129,201,"Etiam imperdiet dictum magna. Ut tincidunt orci quis lectus. Nullam suscipit, est ac facilisis facilisis, magna tellus faucibus",2022-02-18 10:51:13
130,420,"pede nec ante blandit viverra. Donec tempus, lorem",2021-09-09 17:34:28
131,200,Nullam enim.,2021-09-12 00:17:51
132,489,Etiam vestibulum massa,2021-09-11 07:03:40
133,373,volutpat. Nulla dignissim. Maecenas ornare egestas ligula. Nullam feugiat placerat velit. Quisque varius. Nam porttitor scelerisque,2021-09-07 12:38:45
134,13,ac sem ut dolor dapibus gravida. Aliquam,2022-01-26 05:07:08
135,63,Nulla tempor augue ac ipsum. Phasellus vitae,2021-11-25 20:20:44
136,425,"egestas lacinia. Sed congue, elit sed consequat auctor,",2022-01-05 05:02:22
137,410,"lorem, eget mollis lectus pede et risus. Quisque libero lacus, varius et,",2021-12-30 12:44:24
138,467,"urna justo faucibus lectus, a",2021-10-30 02:26:47
139,286,"dui. Suspendisse ac metus vitae velit egestas lacinia. Sed congue, elit sed consequat auctor, nunc nulla vulputate dui, nec",2021-10-05 17:41:43
140,264,"eu, ultrices",2022-01-10 22:54:38
141,17,"velit in aliquet lobortis, nisi nibh lacinia orci, consectetuer euismod",2022-01-04 15:30:26
142,404,enim non nisi. Aenean eget metus. In nec orci. Donec nibh. Quisque nonummy,2021-09-23 23:25:03
143,76,"magna. Ut tincidunt orci quis lectus. Nullam suscipit, est ac facilisis facilisis, magna tellus faucibus leo,",2021-09-13 19:17:04
144,368,"sociosqu ad litora torquent per conubia nostra, per inceptos hymenaeos. Mauris ut quam vel sapien imperdiet",2021-12-12 00:32:28
145,54,Morbi accumsan laoreet ipsum. Curabitur,2022-02-11 01:21:50
146,440,Mauris magna. Duis dignissim tempor,2021-10-30 16:25:06
147,154,tellus justo sit,2021-11-28 07:55:49
148,214,Nam tempor diam dictum sapien. Aenean,2021-10-13 07:10:55
149,260,egestas ligula. Nullam feugiat placerat velit. Quisque varius.,2021-12-17 03:15:17
150,90,"luctus felis purus ac tellus. Suspendisse sed dolor. Fusce mi lorem,",2021-12-10 12:58:48
151,316,tristique,2021-11-02 18:04:01
152,39,vitae diam. Proin dolor. Nulla semper tellus id nunc interdum feugiat. Sed nec metus facilisis lorem tristique,2021-11-24 09:58:52
153,478,"lectus pede, ultrices a, auctor non, feugiat nec, diam. Duis mi",2021-09-04 23:23:02
154,259,a mi fringilla mi lacinia mattis.,2021-11-17 16:01:21
155,456,"mauris, rhoncus id, mollis nec, cursus a, enim. Suspendisse aliquet, sem ut cursus luctus,",2021-11-17 02:03:13
156,105,"augue, eu tempor erat neque non quam. Pellentesque habitant morbi tristique senectus et netus et malesuada fames ac",2021-09-25 20:17:48
157,152,non justo. Proin,2021-10-02 11:18:41
158,5,"ut ipsum ac mi eleifend egestas. Sed pharetra, felis eget varius ultrices, mauris ipsum porta elit,",2021-12-20 14:16:38
159,165,mattis,2022-01-18 05:43:21
160,202,"nec, malesuada ut, sem. Nulla interdum. Curabitur dictum. Phasellus in felis. Nulla tempor augue ac ipsum. Phasellus vitae mauris",2022-01-04 11:34:13
161,220,"mattis velit justo nec ante. Maecenas mi felis,",2021-12-28 20:40:22
162,212,"porttitor tellus non magna. Nam ligula elit, pretium",2022-02-01 02:30:01
163,11,"nulla ante, iaculis nec, eleifend non, dapibus rutrum, justo. Praesent luctus. Curabitur egestas nunc sed libero. Proin sed",2021-11-23 01:14:40
164,248,gravida molestie arcu. Sed eu nibh vulputate mauris sagittis placerat. Cras dictum ultricies ligula.,2021-12-02 16:31:25
165,177,"eu, odio.",2021-11-24 14:10:55
166,176,"Duis cursus, diam",2021-09-20 01:14:25
167,24,"sodales nisi magna sed dui. Fusce aliquam, enim nec tempus scelerisque, lorem",2022-01-13 09:23:28
168,419,nisi. Aenean eget metus. In nec orci. Donec nibh. Quisque,2021-12-16 21:22:31
169,374,quam. Curabitur vel lectus. Cum,2021-11-28 03:32:26
170,280,nunc. Quisque ornare tortor at risus. Nunc ac sem ut,2021-10-31 17:17:09
171,6,"non, hendrerit id, ante. Nunc mauris sapien, cursus in, hendrerit consectetuer, cursus et, magna. Praesent interdum ligula eu enim. Etiam",2022-01-06 20:08:03
172,228,vel quam dignissim pharetra. Nam ac nulla.,2021-10-25 04:36:29
173,460,vitae mauris sit amet lorem semper auctor. Mauris vel turpis.,2021-09-19 18:13:53
174,73,"arcu iaculis enim, sit amet ornare lectus justo",2021-12-11 18:28:56
175,362,risus. Morbi metus. Vivamus euismod urna.,2021-11-05 00:10:53
176,314,nunc. In at pede. Cras vulputate velit eu sem. Pellentesque ut ipsum ac mi,2021-11-13 08:52:51
177,384,nunc. Quisque,2022-02-13 20:50:32
178,82,sed pede nec ante blandit,2022-02-11 12:21:21
179,232,sit amet diam eu dolor,2021-09-19 06:18:25
180,23,Nam porttitor scelerisque neque. Nullam,2022-02-10 20:42:43
181,110,"Aenean egestas hendrerit neque. In ornare sagittis felis. Donec tempor, est ac mattis semper, dui lectus rutrum urna,",2022-01-19 23:08:51
182,164,enim diam vel arcu. Curabitur ut odio vel est tempor bibendum. Donec felis,2021-09-08 18:23:37
183,19,"nibh. Aliquam ornare, libero at auctor ullamcorper, nisl arcu iaculis enim, sit amet ornare lectus justo",2021-11-21 00:26:22
184,109,"litora torquent per conubia nostra, per inceptos hymenaeos. Mauris ut quam vel sapien imperdiet ornare. In",2021-10-06 18:52:31
185,139,"aliquet vel, vulputate eu, odio. Phasellus at",2022-02-13 14:40:00
186,219,"Donec nibh enim,",2022-01-14 03:49:48
187,319,"porttitor eros nec tellus. Nunc lectus pede, ultrices a, auctor non, feugiat nec, diam. Duis mi enim,",2021-11-30 23:13:22
188,361,"accumsan laoreet ipsum. Curabitur consequat, lectus sit amet luctus vulputate, nisi",2021-12-09 12:06:08
189,306,"lectus quis massa. Mauris vestibulum, neque sed",2021-10-21 07:35:51
190,336,"pede. Suspendisse dui. Fusce diam nunc, ullamcorper eu, euismod ac, fermentum vel,",2021-12-25 05:06:17
191,408,cubilia Curae Phasellus ornare. Fusce mollis. Duis sit amet diam eu dolor egestas rhoncus.,2022-01-03 04:28:09
192,330,Nulla eu neque,2022-02-17 05:43:45
193,34,Duis volutpat nunc sit amet metus. Aliquam erat volutpat. Nulla facilisis. Suspendisse,2021-11-08 10:45:39
194,33,"vel arcu. Curabitur ut odio vel est tempor bibendum. Donec felis orci, adipiscing non, luctus sit amet, faucibus",2022-01-10 08:13:38
195,274,"nec, cursus a, enim. Suspendisse aliquet, sem ut cursus luctus, ipsum leo elementum sem, vitae aliquam eros",2021-10-30 04:54:03
196,96,aliquam adipiscing lacus. Ut nec urna et,2021-12-31 11:08:35
197,442,"nulla. Donec non justo. Proin non massa non ante bibendum ullamcorper. Duis cursus, diam at pretium aliquet, metus urna",2021-11-13 16:27:49
198,145,neque. Morbi quis urna. Nunc,2021-12-18 11:18:34
199,313,tellus justo sit amet nulla. Donec non justo. Proin non massa non ante bibendum ullamcorper.,2021-12-07 11:46:20
200,362,"luctus, ipsum leo elementum",2022-02-24 19:39:56
201,304,"vitae, posuere at, velit. Cras lorem lorem, luctus ut, pellentesque eget, dictum placerat, augue. Sed molestie.",2022-01-29 13:15:36
202,31,"justo sit amet nulla. Donec non justo. Proin non massa non ante bibendum ullamcorper. Duis cursus, diam at pretium",2021-09-15 04:06:59
203,37,"amet, consectetuer",2022-01-18 03:07:59
204,322,mauris erat eget,2022-01-26 17:14:59
205,17,"orci, adipiscing non, luctus sit amet, faucibus ut, nulla. Cras",2022-01-25 17:18:18
206,178,"a, facilisis non, bibendum sed, est. Nunc laoreet lectus quis massa. Mauris",2021-11-17 13:50:57
207,303,"dis parturient montes, nascetur ridiculus mus. Donec dignissim magna a tortor. Nunc commodo auctor",2021-10-27 17:16:30
208,467,Vestibulum ante ipsum primis in faucibus orci luctus et ultrices posuere cubilia Curae Phasellus ornare. Fusce,2021-12-09 06:28:21
209,369,"hendrerit. Donec porttitor tellus non magna. Nam ligula elit, pretium et,",2022-01-14 11:13:17
210,285,Quisque ac libero nec ligula consectetuer rhoncus. Nullam velit,2021-11-18 05:46:07
211,453,"non, cursus non, egestas a, dui. Cras pellentesque. Sed",2021-10-11 00:18:03
212,312,"Mauris vestibulum, neque sed dictum eleifend, nunc risus varius orci, in consequat enim diam",2021-11-20 04:02:19
213,9,"posuere at, velit. Cras lorem lorem, luctus ut, pellentesque eget, dictum placerat, augue. Sed molestie. Sed",2021-10-24 02:44:47
214,192,"eu, ligula. Aenean euismod mauris eu elit. Nulla facilisi. Sed neque. Sed eget lacus. Mauris non dui",2021-12-27 02:46:51
215,275,"vulputate, risus a ultricies adipiscing, enim mi tempor lorem, eget mollis",2021-12-12 00:46:59
216,447,massa. Vestibulum accumsan neque et nunc. Quisque ornare tortor,2021-11-08 04:35:45
217,227,tincidunt nibh. Phasellus nulla.,2021-12-05 19:20:36
218,29,gravida. Praesent,2021-12-14 21:24:47
219,125,vulputate ullamcorper magna. Sed eu eros.,2021-12-12 15:48:51
220,263,vehicula risus. Nulla eget metus eu erat semper,2021-11-28 21:11:34
221,308,justo. Praesent luctus. Curabitur egestas nunc sed libero. Proin sed turpis nec mauris,2021-12-22 10:13:52
222,287,ridiculus mus. Donec dignissim magna a tortor. Nunc commodo auctor velit. Aliquam nisl.,2021-10-19 03:41:13
223,169,"lacus vestibulum lorem, sit amet ultricies sem magna nec quam. Curabitur vel lectus. Cum sociis natoque",2021-11-29 12:48:04
224,230,"luctus, ipsum leo elementum sem, vitae aliquam eros turpis non enim. Mauris quis",2021-09-10 15:00:51
225,33,"rhoncus. Donec est. Nunc ullamcorper, velit in aliquet lobortis,",2021-12-17 10:52:07
226,407,"Lorem ipsum dolor sit amet, consectetuer adipiscing elit. Curabitur sed",2021-09-06 14:38:03
227,410,"Donec est. Nunc ullamcorper, velit in aliquet lobortis, nisi nibh lacinia orci, consectetuer euismod est arcu ac orci. Ut",2022-01-04 03:38:52
228,34,"sit amet, faucibus ut, nulla. Cras eu tellus eu augue porttitor interdum. Sed auctor odio a purus. Duis elementum, dui",2021-10-21 11:04:58
229,309,"vel, mauris. Integer sem elit, pharetra ut, pharetra sed, hendrerit a, arcu. Sed et libero. Proin mi.",2021-12-11 16:35:44
230,372,"dui, nec tempus mauris erat eget ipsum. Suspendisse sagittis. Nullam vitae diam. Proin dolor. Nulla semper",2021-09-04 04:49:47
231,496,"Ut tincidunt vehicula risus. Nulla eget metus eu erat semper rutrum. Fusce dolor quam, elementum at,",2021-11-21 18:30:05
232,391,blandit congue. In scelerisque scelerisque dui.,2022-01-12 06:00:42
233,287,eros. Nam consequat dolor vitae dolor.,2022-01-21 18:12:11
234,434,porttitor scelerisque neque. Nullam nisl. Maecenas malesuada fringilla est. Mauris eu turpis.,2021-09-13 23:54:31
235,121,Mauris ut quam vel sapien imperdiet ornare.,2021-11-05 08:01:01
236,148,lacus. Cras interdum. Nunc sollicitudin commodo ipsum.,2021-09-02 16:02:13
237,330,"luctus ut, pellentesque eget, dictum placerat, augue. Sed molestie. Sed id risus quis diam luctus lobortis.",2021-10-02 01:19:55
238,438,"in, hendrerit consectetuer, cursus et, magna. Praesent interdum ligula eu enim.",2021-10-06 10:35:48
239,272,"dolor. Fusce feugiat. Lorem ipsum dolor sit amet, consectetuer adipiscing elit. Aliquam auctor, velit eget laoreet",2021-12-15 21:31:46
240,328,Donec feugiat metus sit amet ante. Vivamus non lorem vitae odio sagittis,2022-01-07 13:33:00
241,91,"vel, convallis in, cursus et, eros. Proin ultrices. Duis volutpat nunc",2022-02-21 05:37:39
242,179,amet lorem,2021-12-11 03:21:37
243,454,"cursus, diam at pretium aliquet, metus urna convallis erat, eget",2022-01-19 02:57:42
244,94,"quis, tristique ac, eleifend vitae, erat. Vivamus nisi. Mauris nulla. Integer",2021-09-10 05:02:46
245,273,Suspendisse sagittis. Nullam vitae diam. Proin dolor. Nulla semper,2021-09-20 13:36:22
246,378,tortor. Integer aliquam adipiscing lacus. Ut nec urna et arcu imperdiet,2021-09-09 17:18:29
247,172,"est, vitae sodales nisi",2021-10-04 14:15:31
248,191,"ante blandit viverra. Donec tempus, lorem fringilla ornare placerat, orci",2022-01-14 13:07:53
249,461,facilisis. Suspendisse commodo tincidunt,2021-09-15 11:38:05
250,42,"est, vitae sodales nisi magna sed dui. Fusce aliquam, enim nec tempus scelerisque, lorem",2021-11-14 01:27:13
251,92,luctus lobortis. Class aptent,2021-11-02 20:46:14
252,111,morbi tristique senectus et netus et malesuada fames ac turpis egestas. Aliquam fringilla cursus purus. Nullam,2021-10-06 18:19:54
253,444,"mi. Duis risus odio, auctor vitae, aliquet nec, imperdiet nec, leo. Morbi",2021-09-15 15:54:43
254,464,et malesuada fames ac turpis egestas. Aliquam fringilla cursus purus. Nullam scelerisque neque sed sem egestas blandit. Nam,2022-01-27 12:46:38
255,373,Mauris,2021-11-29 03:52:30
256,433,"enim. Sed nulla ante, iaculis nec, eleifend non, dapibus rutrum, justo. Praesent",2021-12-14 19:08:03
257,100,et nunc. Quisque ornare tortor at risus.,2021-12-30 00:33:58
258,59,"volutpat ornare, facilisis eget, ipsum. Donec sollicitudin adipiscing ligula.",2022-01-08 18:51:03
259,147,ridiculus mus. Proin vel arcu eu odio,2022-01-18 17:51:51
260,377,ipsum cursus vestibulum. Mauris magna. Duis dignissim tempor arcu. Vestibulum ut eros,2021-10-25 04:35:20
261,253,Nunc laoreet lectus quis massa.,2022-01-16 13:29:07
262,78,"vitae, posuere at, velit. Cras lorem lorem, luctus ut, pellentesque eget, dictum placerat, augue. Sed",2021-12-22 12:45:59
263,196,"mi enim, condimentum eget, volutpat ornare, facilisis eget, ipsum. Donec sollicitudin adipiscing ligula. Aenean",2021-11-04 06:27:21
264,363,"dolor. Fusce mi lorem, vehicula et, rutrum eu, ultrices sit amet, risus. Donec nibh",2021-11-13 18:40:48
265,210,"Mauris molestie pharetra nibh. Aliquam ornare, libero at auctor",2022-01-11 09:17:19
266,243,Suspendisse aliquet molestie tellus. Aenean egestas hendrerit,2022-01-23 22:20:22
267,375,"velit. Sed malesuada augue ut lacus. Nulla tincidunt, neque vitae semper egestas, urna justo faucibus lectus, a sollicitudin orci sem",2021-10-04 09:21:31
268,206,egestas. Aliquam fringilla cursus purus. Nullam scelerisque neque sed,2021-12-26 01:16:50
269,394,volutpat. Nulla facilisis. Suspendisse,2022-01-26 05:59:46
270,371,magna et ipsum,2021-09-09 13:04:00
271,220,"enim. Suspendisse aliquet, sem ut cursus luctus,",2022-02-11 18:02:21
272,168,"non, sollicitudin a, malesuada id, erat. Etiam",2021-10-04 02:42:43
273,404,"metus vitae velit egestas lacinia. Sed congue, elit sed consequat auctor, nunc nulla vulputate dui, nec tempus mauris",2022-01-07 23:16:40
274,122,In condimentum. Donec at arcu. Vestibulum,2022-02-17 12:19:55
275,409,"mollis. Phasellus libero mauris, aliquam eu, accumsan sed, facilisis vitae, orci. Phasellus dapibus quam",2021-10-12 19:00:20
276,474,"ipsum. Curabitur consequat, lectus sit amet luctus vulputate, nisi sem semper erat, in consectetuer ipsum",2021-09-27 21:18:54
277,33,consequat purus. Maecenas,2021-09-29 00:08:57
278,105,"lacus. Nulla tincidunt, neque vitae semper egestas, urna justo",2021-12-31 17:19:42
279,194,nonummy. Fusce fermentum fermentum arcu. Vestibulum ante ipsum primis in faucibus orci luctus et ultrices posuere cubilia,2021-12-03 07:36:08
280,32,"erat, eget tincidunt dui augue eu tellus. Phasellus elit pede,",2022-02-07 23:44:07
281,357,"bibendum ullamcorper. Duis cursus, diam at pretium aliquet, metus urna convallis erat, eget tincidunt",2021-11-30 16:45:56
282,89,sit amet massa. Quisque porttitor eros,2022-02-15 07:07:31
283,454,"sem ut cursus luctus, ipsum leo elementum sem, vitae aliquam eros turpis non enim. Mauris quis turpis",2022-01-17 11:47:32
284,436,"lobortis tellus justo sit amet nulla. Donec non justo. Proin non massa non ante bibendum ullamcorper. Duis cursus, diam",2021-12-12 02:48:11
285,335,odio. Phasellus at,2021-11-19 09:30:47
286,284,Cras vehicula aliquet,2021-12-26 11:48:54
287,480,sem magna nec quam. Curabitur vel lectus. Cum sociis natoque penatibus,2021-10-25 16:48:36
288,485,orci luctus et ultrices posuere cubilia Curae Phasellus ornare. Fusce mollis. Duis sit amet diam,2022-02-07 05:46:30
289,89,"Duis mi enim, condimentum eget, volutpat ornare, facilisis eget, ipsum.",2021-10-17 03:27:28
290,183,"ante blandit viverra. Donec tempus, lorem fringilla ornare placerat, orci lacus vestibulum lorem, sit amet ultricies sem magna",2021-12-07 12:37:45
291,134,"risus. In mi pede, nonummy ut, molestie in, tempus",2022-01-16 11:33:35
292,63,"in, tempus eu, ligula. Aenean",2021-12-14 04:20:21
293,405,facilisis. Suspendisse commodo tincidunt,2022-02-23 14:41:42
294,118,"fringilla ornare placerat, orci lacus vestibulum lorem, sit amet",2021-09-04 12:47:55
295,358,"a, malesuada id, erat. Etiam vestibulum massa rutrum magna. Cras convallis convallis dolor. Quisque tincidunt pede ac urna.",2021-09-03 14:17:26
296,442,"felis ullamcorper viverra. Maecenas iaculis aliquet diam. Sed diam lorem, auctor quis, tristique ac,",2022-01-20 07:20:03
297,389,"Sed id risus quis diam luctus lobortis. Class aptent taciti sociosqu ad litora torquent per conubia nostra, per inceptos",2022-02-01 11:16:01
298,340,"sem molestie sodales. Mauris blandit enim consequat purus. Maecenas libero est, congue a, aliquet vel, vulputate",2021-11-22 09:44:37
299,468,"ut eros non enim commodo hendrerit. Donec porttitor tellus non magna. Nam ligula elit, pretium et, rutrum non,",2021-09-26 15:26:08
300,137,vel pede blandit congue. In scelerisque scelerisque dui. Suspendisse ac metus vitae velit egestas lacinia.,2022-02-11 15:32:36
301,214,velit justo nec ante. Maecenas,2022-01-18 14:01:28
302,254,"nulla magna,",2021-12-06 04:25:48
303,317,"amet, faucibus ut, nulla.",2021-11-03 10:53:38
304,441,"lobortis quam a felis ullamcorper viverra. Maecenas iaculis aliquet diam. Sed diam lorem, auctor quis, tristique ac, eleifend vitae,",2021-11-20 03:21:31
305,87,"porttitor vulputate, posuere vulputate, lacus. Cras interdum.",2022-01-21 08:50:58
306,375,"nec, euismod in, dolor. Fusce feugiat. Lorem ipsum dolor sit amet, consectetuer",2021-11-30 16:20:46
307,494,Aliquam rutrum,2021-12-04 08:03:18
308,11,"Cum sociis natoque penatibus et magnis dis parturient montes, nascetur ridiculus mus.",2021-12-03 12:19:24
309,371,"faucibus lectus, a sollicitudin orci sem eget massa. Suspendisse eleifend. Cras sed",2021-12-06 15:31:56
310,355,"at, egestas a, scelerisque sed, sapien. Nunc pulvinar arcu et pede. Nunc sed orci",2021-09-19 01:53:07
311,336,dictum augue malesuada malesuada.,2022-01-16 10:27:43
312,247,"commodo tincidunt nibh. Phasellus nulla. Integer vulputate, risus",2021-09-14 14:15:24
313,327,Proin ultrices. Duis volutpat nunc sit amet metus. Aliquam erat volutpat.,2022-01-16 02:42:05
314,23,"nec urna et arcu imperdiet ullamcorper. Duis at lacus. Quisque purus sapien, gravida",2021-11-01 23:28:22
315,452,"mi fringilla mi lacinia mattis. Integer eu lacus. Quisque imperdiet, erat",2021-10-06 01:56:11
316,52,Curabitur egestas nunc sed libero. Proin,2022-01-10 06:21:45
317,347,urna. Ut tincidunt vehicula risus. Nulla eget metus,2021-11-07 04:10:22
318,275,"Morbi accumsan laoreet ipsum. Curabitur consequat, lectus sit amet luctus vulputate, nisi sem semper erat,",2021-09-05 18:23:41
319,234,"eget, dictum",2022-01-25 23:30:09
320,13,"orci, in consequat enim diam vel arcu. Curabitur ut odio vel est tempor bibendum. Donec felis orci, adipiscing",2021-11-30 16:27:55
321,446,"natoque penatibus et magnis dis parturient montes, nascetur ridiculus mus. Proin vel",2021-09-13 12:45:01
322,8,fames ac turpis egestas. Fusce aliquet magna a,2021-12-25 10:17:54
323,271,lacus. Aliquam rutrum lorem ac risus. Morbi metus. Vivamus,2021-09-26 09:26:35
324,105,"sagittis lobortis mauris. Suspendisse aliquet molestie tellus. Aenean egestas hendrerit neque. In ornare sagittis felis. Donec tempor, est",2021-10-26 03:29:55
325,400,"malesuada ut, sem. Nulla",2022-01-06 23:22:37
326,291,"lacus. Etiam bibendum fermentum metus. Aenean sed pede nec ante blandit viverra. Donec tempus, lorem fringilla ornare",2022-01-20 20:49:21
327,350,Morbi metus. Vivamus euismod urna. Nullam lobortis quam a felis ullamcorper viverra. Maecenas iaculis aliquet diam.,2021-11-05 17:50:03
328,474,vitae sodales,2021-12-12 02:00:24
329,479,"Nullam velit dui, semper et, lacinia vitae,",2022-02-10 19:26:24
330,159,"montes, nascetur ridiculus mus. Proin vel nisl. Quisque fringilla euismod enim.",2021-11-28 09:59:48
331,172,libero. Proin,2022-02-16 02:47:18
332,87,orci sem eget massa. Suspendisse eleifend. Cras sed leo. Cras vehicula aliquet,2022-01-01 17:05:25
333,153,libero nec ligula consectetuer rhoncus. Nullam,2021-10-10 08:51:48
334,391,Nunc mauris. Morbi non sapien molestie orci tincidunt adipiscing. Mauris molestie pharetra nibh. Aliquam,2021-12-19 05:33:15
335,443,odio vel est tempor bibendum.,2021-09-16 23:30:38
336,124,"lorem lorem, luctus ut, pellentesque eget, dictum placerat, augue. Sed molestie. Sed id risus quis",2022-02-17 12:33:53
337,93,"Nunc mauris sapien, cursus in, hendrerit consectetuer, cursus et, magna. Praesent interdum ligula eu",2021-10-28 16:15:50
338,120,enim. Nunc,2021-10-21 15:44:22
339,139,nec orci. Donec nibh. Quisque nonummy ipsum non arcu. Vivamus,2022-01-06 12:20:07
340,38,"sed, facilisis vitae, orci. Phasellus dapibus quam quis diam. Pellentesque habitant",2021-10-07 21:09:17
341,235,"Sed pharetra, felis eget varius ultrices, mauris ipsum porta elit,",2022-01-05 01:48:52
342,61,ultricies sem magna nec quam. Curabitur vel lectus. Cum sociis natoque penatibus et,2021-11-17 08:23:21
343,354,Ut sagittis lobortis mauris. Suspendisse aliquet molestie tellus. Aenean egestas hendrerit neque. In ornare sagittis felis. Donec,2021-11-06 20:40:27
344,490,pede blandit congue. In scelerisque scelerisque dui. Suspendisse ac metus vitae velit,2021-09-20 15:34:42
345,158,augue ac ipsum. Phasellus vitae mauris sit amet lorem semper auctor. Mauris vel turpis. Aliquam adipiscing,2022-02-04 17:28:36
346,371,iaculis odio. Nam interdum enim non nisi. Aenean eget,2022-01-20 13:50:43
347,326,"sagittis felis. Donec tempor, est ac",2022-02-14 08:16:50
348,490,"Sed malesuada augue ut lacus. Nulla tincidunt, neque vitae semper egestas, urna justo faucibus",2021-09-16 04:43:08
349,416,convallis convallis dolor. Quisque tincidunt pede ac urna. Ut tincidunt,2021-09-09 12:09:12
350,209,"diam lorem, auctor quis,",2021-12-08 02:37:52
351,129,Ut tincidunt vehicula risus. Nulla eget metus,2021-12-25 17:45:52
352,107,Nulla tempor augue ac ipsum. Phasellus vitae mauris sit amet lorem semper auctor. Mauris vel turpis. Aliquam adipiscing lobortis,2021-12-20 07:31:28
353,42,"nec metus facilisis lorem tristique aliquet. Phasellus fermentum convallis ligula. Donec luctus aliquet odio. Etiam ligula tortor,",2021-10-03 20:05:56
354,71,"Donec elementum, lorem ut aliquam iaculis, lacus pede sagittis augue,",2021-12-24 04:59:47
355,498,"enim consequat purus. Maecenas libero est, congue a, aliquet vel, vulputate eu, odio. Phasellus",2022-02-08 09:20:01
356,484,hendrerit. Donec porttitor tellus non magna. Nam ligula,2021-11-17 23:34:25
357,366,Donec nibh,2022-02-21 23:21:01
358,482,euismod mauris eu elit. Nulla facilisi. Sed neque. Sed eget lacus. Mauris non dui,2022-02-05 18:24:54
359,95,eu odio tristique pharetra. Quisque,2021-09-24 06:33:39
360,351,Suspendisse eleifend.,2022-01-10 07:17:51
361,444,eu elit. Nulla facilisi. Sed neque. Sed eget,2021-12-04 19:13:39
362,56,"mattis velit justo nec ante. Maecenas mi felis, adipiscing fringilla, porttitor vulputate, posuere",2021-12-04 15:37:14
363,79,"pretium aliquet, metus urna convallis erat, eget tincidunt dui augue eu tellus. Phasellus",2022-01-15 10:12:53
364,259,"Fusce feugiat. Lorem ipsum dolor sit amet, consectetuer",2021-10-27 01:35:00
365,198,"sem, consequat nec, mollis vitae, posuere at, velit. Cras lorem lorem, luctus ut, pellentesque eget, dictum placerat,",2022-02-10 16:23:07
366,416,Mauris quis turpis,2021-10-01 14:51:07
367,248,Mauris eu turpis. Nulla,2021-10-06 15:02:33
368,477,"sollicitudin a, malesuada id, erat. Etiam vestibulum massa rutrum magna. Cras convallis convallis dolor.",2022-02-02 20:59:58
369,186,"malesuada augue ut lacus. Nulla tincidunt, neque vitae semper egestas, urna justo faucibus lectus, a sollicitudin orci sem eget",2022-02-18 15:47:40
370,129,ac,2022-01-15 21:11:40
371,497,pellentesque. Sed dictum. Proin eget odio. Aliquam vulputate ullamcorper magna. Sed eu eros. Nam consequat dolor vitae dolor. Donec,2022-02-08 04:22:50
372,56,"ut eros non enim commodo hendrerit. Donec porttitor tellus non magna. Nam ligula elit,",2021-10-31 20:27:46
373,337,"risus. Duis a mi fringilla mi lacinia mattis. Integer eu lacus. Quisque imperdiet, erat nonummy",2021-12-24 15:29:57
374,264,dis parturient,2021-11-30 12:54:08
375,198,senectus et,2021-12-14 17:57:24
376,180,"Pellentesque ut ipsum ac mi eleifend egestas. Sed pharetra,",2021-12-12 07:48:16
377,444,Sed nec metus facilisis lorem tristique aliquet. Phasellus fermentum convallis ligula. Donec luctus aliquet odio. Etiam,2021-11-15 19:07:12
378,299,"blandit. Nam nulla magna, malesuada vel,",2021-10-11 01:21:20
379,76,Morbi metus. Vivamus euismod urna. Nullam,2022-01-30 09:24:28
380,457,Duis gravida. Praesent eu nulla,2021-10-09 14:29:58
381,469,iaculis odio. Nam interdum enim non nisi. Aenean eget metus. In nec orci. Donec nibh. Quisque nonummy,2022-02-04 03:50:59
382,142,"ac mattis semper,",2021-11-10 18:40:01
383,172,"dui quis accumsan convallis, ante lectus convallis est, vitae sodales",2022-02-22 01:10:24
384,275,"ante. Maecenas mi felis, adipiscing fringilla, porttitor vulputate, posuere vulputate, lacus. Cras interdum. Nunc sollicitudin commodo ipsum.",2021-11-28 07:22:27
385,452,"velit egestas lacinia. Sed congue, elit sed consequat auctor, nunc nulla",2021-12-19 20:58:13
386,193,"cursus et, magna. Praesent interdum ligula eu enim. Etiam imperdiet dictum magna. Ut tincidunt orci quis lectus.",2021-10-25 00:25:56
387,128,Donec est,2021-11-16 15:38:35
388,186,"convallis est, vitae sodales nisi",2022-02-26 03:13:26
389,355,vel arcu. Curabitur ut odio vel est tempor bibendum. Donec felis,2022-01-09 12:00:33
390,404,sem. Nulla interdum. Curabitur dictum. Phasellus in felis. Nulla tempor augue ac ipsum. Phasellus vitae mauris sit amet,2022-02-28 18:39:12
391,434,"fringilla ornare placerat, orci lacus vestibulum lorem, sit amet ultricies sem magna",2021-11-13 08:20:34
392,174,non nisi. Aenean eget metus. In nec orci. Donec nibh. Quisque nonummy ipsum non,2021-11-15 17:32:44
393,249,id magna et ipsum cursus vestibulum. Mauris magna. Duis dignissim tempor arcu. Vestibulum ut eros non enim,2021-09-06 12:58:17
394,484,enim. Etiam gravida molestie arcu. Sed eu nibh vulputate mauris sagittis placerat. Cras dictum ultricies ligula. Nullam enim. Sed nulla,2021-12-06 05:01:27
395,82,ornare lectus justo eu arcu. Morbi sit amet massa. Quisque porttitor eros nec tellus.,2021-12-22 15:38:51
396,255,Nulla eget metus eu erat semper rutrum. Fusce dolor,2021-11-25 07:31:49
397,193,arcu vel quam dignissim pharetra. Nam ac nulla. In tincidunt,2021-11-04 02:58:43
398,286,non dui nec urna suscipit nonummy. Fusce fermentum fermentum arcu. Vestibulum ante ipsum primis in faucibus orci luctus,2021-10-26 22:49:20
399,337,"lectus, a sollicitudin orci sem eget massa. Suspendisse eleifend.",2021-10-12 19:26:28
400,94,"luctus vulputate, nisi sem semper erat, in consectetuer ipsum nunc id enim. Curabitur massa. Vestibulum accumsan neque et",2021-10-05 21:36:04
401,263,"a, magna. Lorem",2021-11-05 03:22:22
402,81,"risus. Donec egestas. Aliquam nec enim. Nunc ut erat. Sed nunc est, mollis non, cursus non, egestas a, dui.",2021-11-28 14:20:11
403,311,mus. Donec dignissim magna a tortor. Nunc commodo auctor velit. Aliquam nisl. Nulla eu neque pellentesque massa,2021-11-29 15:32:18
404,331,"egestas a, scelerisque sed, sapien. Nunc pulvinar arcu et pede. Nunc sed orci lobortis augue",2021-09-22 02:21:56
405,284,"Nunc mauris sapien, cursus in, hendrerit consectetuer, cursus et,",2021-10-15 09:49:47
406,110,scelerisque neque sed sem egestas blandit. Nam nulla,2021-11-15 16:17:24
407,449,"Nullam velit dui,",2021-10-26 07:39:36
408,68,"auctor, nunc nulla vulputate dui, nec tempus mauris erat eget ipsum. Suspendisse sagittis. Nullam",2021-12-12 07:55:36
409,59,Proin dolor. Nulla semper,2021-12-25 06:03:58
410,111,"eleifend non, dapibus rutrum, justo. Praesent luctus. Curabitur egestas nunc sed libero. Proin sed turpis",2021-09-04 21:41:37
411,290,"sed consequat auctor, nunc nulla vulputate dui, nec tempus mauris",2021-10-15 09:15:37
412,143,"a ultricies adipiscing, enim mi tempor lorem, eget mollis lectus pede et risus. Quisque libero lacus, varius",2022-02-10 15:08:13
413,426,"interdum. Sed auctor odio a purus. Duis elementum, dui quis accumsan convallis, ante lectus convallis est,",2022-02-05 19:56:32
414,401,"nec, mollis vitae, posuere at, velit. Cras",2022-02-26 05:44:41
415,438,"vel, mauris. Integer sem elit, pharetra ut, pharetra",2021-09-17 06:33:24
416,283,"ad litora torquent per conubia nostra, per inceptos",2021-09-03 00:41:53
417,331,"Quisque ac libero nec ligula consectetuer rhoncus. Nullam velit dui,",2021-09-23 21:50:29
418,292,mi. Aliquam,2022-01-18 21:05:45
419,425,"urna justo faucibus lectus, a sollicitudin orci sem eget massa. Suspendisse eleifend.",2021-09-06 21:52:48
420,482,"nibh. Phasellus nulla. Integer vulputate, risus a ultricies adipiscing, enim mi tempor lorem, eget mollis",2022-01-07 11:27:55
421,157,Donec at arcu.,2021-11-01 05:47:40
422,320,adipiscing,2021-12-17 02:49:54
423,293,Nunc mauris.,2021-12-06 17:08:42
424,465,"porttitor eros nec tellus. Nunc lectus pede, ultrices a, auctor non, feugiat nec, diam. Duis mi enim,",2022-01-27 00:39:37
425,358,"arcu iaculis enim, sit amet ornare lectus justo eu arcu. Morbi sit amet massa. Quisque porttitor",2021-11-03 19:07:56
426,458,"lectus ante dictum mi, ac mattis velit justo nec ante. Maecenas mi felis, adipiscing fringilla, porttitor vulputate, posuere",2021-11-28 20:16:20
427,372,"sit amet luctus vulputate, nisi sem semper erat,",2022-01-29 00:50:33
428,118,mollis. Phasellus,2021-09-20 06:30:19
429,478,nec urna et,2021-09-19 05:28:52
430,435,amet nulla. Donec non justo. Proin non massa non ante bibendum ullamcorper.,2022-02-03 05:24:11
431,80,nisl elementum,2021-10-15 22:57:21
432,113,vel arcu,2022-02-19 12:35:46
433,76,"sem ut dolor dapibus gravida. Aliquam tincidunt, nunc ac mattis ornare, lectus ante dictum mi, ac mattis velit justo nec",2021-11-22 18:51:45
434,205,et netus et malesuada fames ac turpis egestas.,2022-01-03 07:41:54
435,433,"eget varius ultrices, mauris ipsum porta elit,",2021-09-15 20:19:27
436,238,"egestas. Sed pharetra, felis eget varius ultrices, mauris ipsum porta elit, a feugiat tellus lorem eu metus.",2021-12-30 07:44:51
437,185,"lorem, eget mollis",2021-11-21 05:25:29
438,376,"Maecenas libero est,",2021-10-24 02:06:44
439,260,auctor velit. Aliquam nisl.,2022-02-03 01:57:48
440,124,"justo faucibus lectus, a sollicitudin orci sem eget massa. Suspendisse eleifend. Cras sed leo. Cras vehicula",2021-09-09 08:59:44
441,336,vulputate velit eu sem. Pellentesque ut ipsum ac mi eleifend egestas.,2021-11-19 09:51:02
442,358,"ut, sem. Nulla interdum. Curabitur dictum. Phasellus in felis. Nulla tempor augue ac ipsum.",2021-12-08 09:56:08
443,264,gravida. Praesent eu nulla at sem molestie sodales. Mauris blandit enim consequat purus. Maecenas libero,2021-09-02 10:25:54
444,70,"placerat, orci lacus vestibulum lorem, sit amet ultricies sem magna nec quam. Curabitur vel lectus. Cum sociis natoque",2021-11-15 17:20:58
445,186,nonummy ipsum non arcu. Vivamus sit amet risus.,2021-12-20 21:37:05
446,221,"nibh lacinia orci, consectetuer euismod est arcu ac orci. Ut semper pretium neque.",2021-09-17 12:13:47
447,280,"pede. Cum sociis natoque penatibus et magnis dis parturient montes, nascetur ridiculus mus. Proin vel arcu eu odio",2021-10-27 10:29:30
448,320,"sapien, cursus in, hendrerit",2021-09-09 23:32:38
449,352,id magna et ipsum cursus vestibulum. Mauris magna. Duis dignissim tempor arcu. Vestibulum ut eros non enim commodo hendrerit.,2021-10-17 11:33:50
450,72,"odio. Phasellus at augue id ante dictum cursus. Nunc mauris elit, dictum eu,",2021-11-28 03:25:25
451,365,est arcu ac,2022-01-27 21:01:48
452,324,aliquet molestie tellus. Aenean egestas hendrerit neque. In ornare sagittis felis. Donec,2022-01-06 11:33:30
453,259,lorem.,2022-01-25 01:57:54
454,197,"nunc nulla vulputate dui, nec",2021-09-23 14:36:37
455,268,"ullamcorper eu, euismod ac, fermentum vel, mauris. Integer sem",2021-11-14 07:27:58
456,110,convallis dolor. Quisque tincidunt pede ac urna. Ut tincidunt vehicula,2022-01-12 17:48:01
457,236,"adipiscing lacus. Ut nec urna et arcu imperdiet ullamcorper. Duis at lacus. Quisque purus sapien, gravida",2021-09-11 04:19:08
458,138,"vehicula et, rutrum eu, ultrices sit amet, risus. Donec nibh enim, gravida sit amet, dapibus id,",2021-10-19 16:49:21
459,213,"ligula consectetuer rhoncus. Nullam velit dui, semper et, lacinia vitae, sodales at, velit. Pellentesque ultricies dignissim lacus.",2021-11-22 15:31:37
460,226,Praesent luctus. Curabitur egestas nunc sed,2021-09-18 18:34:21
461,49,"varius orci, in consequat enim",2021-10-18 11:15:52
462,351,"diam eu dolor egestas rhoncus. Proin nisl sem, consequat nec, mollis vitae, posuere at, velit. Cras lorem lorem, luctus ut,",2021-11-17 20:38:15
463,212,magna. Praesent interdum ligula eu enim. Etiam imperdiet dictum magna. Ut tincidunt orci quis lectus.,2022-02-25 00:39:08
464,374,"neque sed dictum eleifend, nunc risus varius orci,",2021-10-11 01:12:43
465,441,"nostra, per inceptos hymenaeos. Mauris",2021-10-31 13:19:00
466,371,massa. Mauris,2022-01-30 06:28:02
467,61,molestie. Sed id,2021-12-09 05:34:41
468,141,turpis egestas. Fusce aliquet magna a neque. Nullam ut nisi a odio semper,2021-09-03 06:23:53
469,106,"risus. Donec egestas. Aliquam nec enim. Nunc ut erat. Sed nunc est, mollis",2021-10-21 03:29:11
470,391,id enim. Curabitur massa. Vestibulum accumsan neque et nunc. Quisque ornare tortor at risus. Nunc ac sem ut,2021-12-09 10:49:43
471,53,rhoncus. Proin nisl,2021-11-01 00:00:22
472,145,"sodales. Mauris blandit enim consequat purus. Maecenas libero est, congue",2022-02-03 06:38:22
473,352,"pede sagittis augue, eu tempor erat neque non quam. Pellentesque habitant morbi tristique senectus et netus",2021-10-20 07:06:40
474,293,"a, malesuada id,",2022-01-21 04:10:19
475,34,"enim commodo hendrerit. Donec porttitor tellus non magna. Nam ligula elit, pretium et, rutrum non, hendrerit id, ante. Nunc",2022-01-31 17:17:33
476,65,per inceptos hymenaeos. Mauris ut,2021-11-08 16:59:45
477,72,sit amet diam eu dolor egestas rhoncus.,2021-11-17 16:28:38
478,350,"Nunc mauris sapien, cursus",2021-12-07 21:58:29
479,191,magnis,2021-09-25 05:56:25
480,366,sed pede nec,2021-11-25 10:02:55
481,222,a nunc. In at pede.,2022-01-12 11:28:44
482,345,Fusce fermentum fermentum arcu. Vestibulum ante ipsum primis in faucibus orci luctus,2021-12-02 04:59:44
483,299,Nullam vitae diam. Proin dolor. Nulla semper tellus id nunc interdum feugiat.,2021-10-25 07:53:30
484,484,"Nunc ac sem ut dolor dapibus gravida. Aliquam tincidunt, nunc ac",2022-01-25 06:11:44
485,227,"placerat, augue. Sed molestie. Sed id risus quis diam luctus lobortis. Class aptent taciti sociosqu",2021-12-09 02:20:12
486,347,augue ac ipsum. Phasellus vitae mauris sit amet lorem semper auctor. Mauris vel,2022-01-03 09:44:42
487,150,"vulputate, lacus. Cras interdum. Nunc sollicitudin commodo ipsum. Suspendisse non leo. Vivamus nibh",2021-12-05 17:35:00
488,46,nec quam. Curabitur vel lectus. Cum sociis natoque,2021-11-27 13:28:05
489,325,"dui, in sodales elit erat vitae risus.",2021-11-11 22:02:10
490,10,"non, feugiat nec, diam. Duis mi enim,",2021-10-19 20:36:32
491,353,tincidunt adipiscing. Mauris molestie pharetra nibh.,2022-02-09 18:15:27
492,246,"rhoncus. Nullam velit dui, semper et,",2022-01-06 12:12:49
493,212,orci lobortis augue scelerisque mollis. Phasellus,2021-10-16 07:05:28
494,185,"lacus. Cras interdum. Nunc sollicitudin commodo ipsum. Suspendisse non leo. Vivamus nibh dolor, nonummy",2021-12-17 21:52:31
495,340,lorem tristique aliquet. Phasellus fermentum convallis ligula. Donec luctus aliquet odio.,2021-11-21 10:46:42
496,38,Fusce aliquet magna a neque. Nullam ut nisi a odio semper cursus. Integer mollis. Integer tincidunt aliquam arcu. Aliquam,2021-10-16 02:48:02
497,14,arcu. Vestibulum ut eros,2022-02-07 14:38:20
498,48,nunc id enim. Curabitur massa. Vestibulum accumsan neque et,2021-10-20 00:36:27
499,140,"amet, risus. Donec nibh enim, gravida sit amet, dapibus id, blandit at, nisi. Cum sociis natoque penatibus et",2021-12-28 12:10:39
